Rarity,Name,Color,Tags,Z-tags,Episode,DBL Num
Hero,Videl,Red,Girls,Hero,Majin Buu Saga (Z),24-07H
Hero,Thouser,Red,.,Red,Movies,08-12H
Hero,Fused with Nail Piccolo,Red,Super Warrior.Merging.Namekian.Regeneration,Red,Frieza Saga (Z),01-08H
Hero,Recoome,Red,Frieza Force.Ginyu Force,Ginyu Force,Frieza Saga (Z),01-27H
Hero,Captain Ginyu,Red,Frieza Force.Ginyu Force,Ginyu Force,Frieza Saga (Z),01-45H
Hero,Jaco,Red,.,Red,Frieza Resurrected Saga (S),01-15H
Hero,2nd Form Frieza,Red,Frieza Force.Lineage of Evil.Powerful Opponent.Transforming Warrior,Red,Frieza Saga (Z),01-42H
Hero,Dodoria,Red,Frieza Force,Red,Frieza Saga (Z),01-26H
Hero,Mercenary Tao,Yellow,DB,Hero,Dragon Ball Saga,24-12H
Hero,Nappa,Yellow,Frieza Force,All,Saiyan.Saiyan Saga (Z),01-20H
Hero,Goku,Yellow,Saiyan.Son Family,Saiyan,Saiyan Saga (Z),01-01H
Hero,Master Roshi,Yellow,DB,Yellow,Dragon Ball Saga,04-14H
Hero,Final Form Frost,Yellow,Universe 6.Transforming Warrior.Lineage of Evil.Rival Universe.Universe Rep,Yellow,God of Destruction Champa Saga (S),01-47H
Hero,Saibaman,Yellow,Minion,Yellow,Saiyan Saga (Z),01-23H
Hero,Yamcha,Yellow,Super Warrior,Super Warrior,Android Saga (Z),02-04H
Hero,Super Saiyan Goku,Purple,Saiyan.Super Saiyan.Son Family,Purple,Cell Saga (Z),06-02H
Hero,1st Form Cell,Purple,Android.Regeneration.Absorption.Future.Powerful Opponent,Purple,Cell Saga (Z),03-09H
Hero,Goku,Purple,Saiyan.Son Family,Purple,Androids Saga (Z),03-02H
Hero,Krillin,Purple,Super Warrior,Purple,Saiyan Saga (Z),01-09H
Hero,Saibaman,Purple,Minion,Purple,Saiyan Saga (Z),02-06H
Hero,Jeice,Purple,Frieza Force.Ginyu Force,Ginyu Force,Frieza Saga (Z),01-28H
Hero,Android #20,Purple,Android,Android,Android Saga (Z),02-10H
Hero,Nail,Green,Regeneration.Namekian,Hero,Frieza Saga (Z),16-04H
Hero,Pan,Green,Son Family.GT.Girls,Hybrid Saiyan,Black Star Dragon Ball Saga (GT),01-32H
Hero,Cell Jr.,Green,Android.Minion,Green,Cell Saga (Z),04-05H
Hero,Zarbon,Green,Frieza Force.Transforming Warrior,Green,Frieza Saga (Z),01-25H
Hero,Chiaotzu,Green,Super Warrior,Green,Saiyan Saga (Z),01-14H
Hero,Jaco,Green,.,Green,Frieza Resurrected Saga (S),02-05H
Hero,Gohan (Kid),Green,Hybrid Saiyan.Son Family.Kids,Hybrid Saiyan,Saiyan Saga (Z),01-06H
Hero,1st Form Frieza,Green,Frieza Force.Transforming Warrior.Lineage of Evil.Powerful Opponent,Green,Frieza Saga (Z),01-24H
Hero,Yamcha,Green,Super Warrior,Green,Saiyan Saga (Z),01-10H
Hero,Pikkon,Green,Otherworld Warrior,Green,Movies,01-34H
Hero,Turles,Blue,Saiyan.Powerful Opponent,Saiyan,Movies,06-08H
Hero,Krillin,Blue,Super Warrior,Blue,Cell Saga (Z),06-04H
Hero,2nd Form Cell,Blue,Android.Regeneration.Powerful Opponent.Absorption.Future,Blue,Cell Saga (Z),04-03H
Hero,World Champion Hercule,Blue,.,None,Majin Buu Saga (Z),24-11H
Hero,Raditz,Blue,Frieza Force.Saiyan,Blue,Saiyan Saga (Z),01-22H
Hero,Vegeta,Blue,Saiyan.Vegeta Clan,Blue,Frieza Saga (S),01-18H
Hero,Cabba,Blue,Saiyan.Universe 6.Rival Universe.Universe Rep,Blue,God of Destruction Champa Saga (S),03-12H
Hero,Tien,Blue,Super Warrior,Blue,Saiyan Saga (Z),01-13H
Hero,Guldo,Blue,Ginyu Force.Frieza Force,Ginyu Force,Frieza Saga (S),01-30H
Hero,Android #19,Blue,Android,Android,Androids Saga (Z),02-08H
Hero,Burter,Blue,Ginyu Force.Frieza Force,Ginyu Force,Frieza Saga (S),01-29H
Extreme,Majuub,Red,GT.Fusion Warrior.Merging,GT.Fusion Warrior,Super Baby Saga (GT),53-02E
Extreme,Super Saiyan God SS Vegeta,Red,Saiyan.Vegeta Clan.God Ki.Super Saiyan God SS.Future,Vegeta Clan.Future.Red,Future Trunks Saga (S),54-02E
Extreme,Cell Jr.,Red,Android.Minion,Android.Minion.Cell Saga (Z),Cell Saga (Z),61-04E
Extreme,Final Form Frieza,Red,Frieza Force.Transforming Warrior.Lineage of Evil.Powerful Opponent,Frieza Force.Powerful Opponent.Lineage of Evil,Frieza Saga (Z),66-03E
Extreme,Turles,Red,Saiyan.Powerful Opponent,Movies.Saiyan,Movies,48-03E
Extreme,Raspberry,Red,Frieza Force.Minion.Event Exclusive,Frieza Force.Frieza Saga (Z).Event Exclusive,Frieza Saga (Z),-EVT-52E
Extreme,Gogeta,Red,Saiyan.Fusion.Fusion Warrior,Fusion Warrior.Fusion,Movies,24-02E
Extreme,Mai,Red,Girls.Future,Future.Girls,Future Trunks Saga (S),41-06E
Extreme,Roberry,Red,Frieza Force.Minion.Event Exclusive,Minion.Frieza Force,Frieza Saga (Z),-EVT-29E
Extreme,Super Baby 2,Red,Merging.GT.Transforming Warrior.Regeneration.Saiyan.Powerful Opponent,GT.Powerful Opponent,Super Baby Saga (GT),35-07E
Extreme,Whis,Red,Angel.God Ki,God Ki,God of Destruction Beerus Saga (S),13-05E
Extreme,Jinkouman,Red,Minion.Event Exclusive,Minion.Saiyan Saga (Z),Game Originals,-EVT-35E
Extreme,Videl,Red,Girls,Girls.Red,Majin Buu Saga (Z),26-07E
Extreme,Tennenman,Red,Minion.Event Exclusive,Minion.Saiyan Saga (Z),Game Originals,-EVT-34E
Extreme,Buu:Super,Red,Absorption.Regeneration.Powerful Opponent,Regeneration,Majin Buu Saga (Z),19-04E
Extreme,King of the Demon Realm Dabura,Red,.,Red,Majin Buu Saga (Z),26-04E
Extreme,Hit,Red,Universe 6.Powerful Opponent.Rival Universe.Universe Rep,Red.Universe 6,God of Destruction Champa Saga (S),25-06E
Extreme,Yamcha,Red,Super Warrior,Super Warrior.Red,Cell Saga (Z),25-02E
Extreme,Android #13,Red,Android.Powerful Opponent,Red,Movies,17-04E
Extreme,Rozie,Red,Girls.Transforming Warrior.Universe 2.Rival Universe.Universe Rep,Rival Universe.Girls,Universe Survival Saga (S).,28-07E
Extreme,Jeice,Red,Frieza Force.Ginyu Force,Frieza Force,Frieza Saga (Z),14-08E
Extreme,Tien,Red,Super Warrior,Red,Cell Saga (Z),10-08E
Extreme,Pan:Honey,Red,Hybrid Saiyan.Girls.Son Family.GT,Girls,Black Star Dragon Ball Saga (GT),08-07E
Extreme,Caulifla,Red,Saiyan.Girls.Universe 6.Rival Universe.Universe Rep,Red,Universe Survival Saga (S),09-02E
Extreme,Fasha,Red,Saiyan.Girls.Team Bardock,Girls,Anime Originals Saga,08-09E
Extreme,Krillin,Red,Super Warrior,Red,Saiyan Saga (Z),01-33E
Extreme,Gohan (Youth),Red,Son Family.Hybrid Saiyan,Son Family,Cell Saga (Z),06-03E
Extreme,Vegeta,Red,Saiyan.Vegeta Clan,Red,Androids Saga (Z),02-12E
Extreme,Android #17,Red,Android.Twins,Red,Androids Saga (Z),03-16E
Extreme,Nappa,Red,Frieza Force.Saiyan,All,Saiyan Saga (Z),01-19E
Extreme,Android #19,Red,Android,Android,Androids Saga (Z),02-07E
Extreme,Android #18,Yellow,Android.Twins.Girls.Universe Rep,Universe Rep.Universe Survival Saga (S),Universe Survival Saga (S),55-02E
Extreme,Metal Cooler,Yellow,Lineage of Evil.Regeneration.Powerful Opponent.Merging,Lineage of Evil.Regeneration.Movies,Movies,64-03E
Extreme,Monrei,Yellow,Frieza Force.Minion.Event Exclusive,Frieza Force.Event Exclusive.Frieza Saga (S),Frieza Saga (Z),-EVT-54E
Extreme,Legendary Super Saiyan Broly ,Yellow,Saiyan.Super Saiyan.Powerful Opponent,Yellow,Movies,17-02E
Extreme,Toppo,Yellow,Rival Universe.Universe 11.Universe Rep,Universe Survival Saga (S).Rival Universe,Universe Survival Saga (S),44-03E
Extreme,Kyukonman,Yellow,Minion.Event Exclusive,Minion.Saiyan Saga (Z),Game Originals.,-EVT-33E
Extreme,Broly,Yellow,Saiyan.Frieza Force,Movies.Saiyan,Movies,30-04E
Extreme,Full Power Boujack,Yellow,Hera Clan.Transforming Warrior.Powerful Opponent,Movies.Powerful Opponent,Movies,29-03E
Extreme,Zangya,Yellow,Girls.Hera Clan,Movies.Hera Clan,Movies,36-04E
Extreme,Ribrianne,Yellow,Universe Rep.Universe 2.Rival Universe.Girls.Transforming Warrior,Rival Universe.Girls,Universe Survival Saga (S),27-07E
Extreme,Orlen,Yellow,Frieza Force.Minion.Event Exclusive,Minion.Frieza Force,Frieza Saga (Z),-EVT-27E
Extreme,Chilled,Yellow,Lineage of Evil.Powerful Opponent,Lineage of Evil,Anime Originals Saga,13-07E
Extreme,Gohan (Kid),Yellow,Hybrid Saiyan.Son Family.Kids,Hybrid Saiyan,Frieza Saga (Z),16-11E
Extreme,Shugesh,Yellow,Saiyan.Team Bardock,Saiyan.Team Bardock,Anime Originals Saga,22-07E
Extreme,Super Saiyan Rose Goku Black,Yellow,Saiyan.Future.God Ki.Super Saiyan Rose.Powerful Opponent,God Ki,Future Trunks Saga (S),35-09E
Extreme,2nd Form Frieza,Yellow,Frieza Force.Transforming Warrior.Lineage of Evil.Powerful Opponent,Lineage of Evil,Frieza Saga (Z),18-02E
Extreme,Hyper Meta-Rilldo,Yellow,Merging.GT.Powerful Opponent,GT,Black Star Dragon Ball Saga (GT),19-09E
Extreme,Super Janemba,Yellow,Transforming Warrior.Regeneration.Powerful Opponent,Green.Movies,Movies,13-08E
Extreme,Super Namekian Lord Slug,Yellow,Regeneration.Powerful Opponent.Namekian,Regeneration,Movies,11-10E
Extreme,God of Destruction Beerus,Yellow,God of Destruction.God Ki.Twins.Powerful Opponent,God Ki,God of Destruction Beerus Saga (S),13-04E
Extreme,Vegeta,Yellow,Powerful Opponent.Frieza Force.Vegeta Clan.Saiyan,Yellow,Frieza Saga (S),03-04E
Extreme,Bulma (Youth),Yellow,Girls.DB,Girls,Dragon Ball Saga,11-05E
Extreme,Burter,Yellow,Frieza Force.Ginyu Force,Frieza Force,Frieza Saga (Z),14-07E
Extreme,Tien,Yellow,Super Warrior,Yellow,Saiyan Saga (Z),01-11E
Extreme,Android #16,Yellow,Android,Yellow,Cell Saga (Z),06-09E
Extreme,Fused with Nail Piccolo,Yellow,Super Warrior.Merging.Regeneration.Namekian,Yellow,Frieza Saga (Z),01-37E
Extreme,Cell Jr.,Yellow,Android.Minion,Android,Cell Saga (Z),06-05E
Extreme,Bardock,Yellow,Saiyan.Team Bardock,Yellow,Anime Original Saga,04-06E
Extreme,1st Form Frieza,Yellow,Lineage of Evil.Frieza Force.Powerful Opponent.Transforming Warrior,Frieza Force,Frieza Saga (Z),04-07E
Extreme,Android #20,Yellow,Android,Android,Androids Saga (Z),02-09E
Extreme,Trunks (Teen),Yellow,Future.Vegeta Clan.Hybrid Saiyan,Yellow,Androids Saga (Z),02-03E
Extreme,1st Form Cell,Yellow,Android.Regeneration.Absorption.Future.Powerful Opponent,Android,Cell Saga (Z),03-08E
Extreme,Gohan (Kid) & Krillin,Purple,Hybrid Saiyan.Son Family.Kids.Super Warrior,Hybrid Saiyan.Super Warrior.Frieza Saga (S),Frieza Saga (Z),62-05E
Extreme,Bardock,Purple,Saiyan,Movies.Saiyan,Movies,66-02E
Extreme,Vados,Purple,Angel.God Ki.Universe 6.Rival Universe.Girls.Universe Rep,Universe Rep.God Ki.Girls,Universe Survival Saga (S),59-03E
Extreme,Bergamo,Purple,Universe 9.Rival Universe.Universe Rep,Universe Rep.Rival Universe.Purple,Universe Survival Saga (S),56-04E
Extreme,Guprei,Purple,Frieza Force.Minion.Event Exclusive,Frieza Force.Event Exclusive.Frieza Saga (S),Frieza Saga (Z),-EVT-55E
Extreme,Yajirobe,Purple,Super Warrior,Saiyan Saga (Z),Saiyan Saga (Z),39-02E
Extreme,Bido,Purple,Hera Clan,Movies.Hera Clan,Movies,36-06E
Extreme,Super Saiyan 2 Goku,Purple,Saiyan.Super Saiyan 2.Son Family.Otherworld Warrior,Saiyan,Majin Buu Saga (Z),26-05E
Extreme,Super Trunks,Purple,Hybrid Saiyan.Vegeta Clan.Future.Super Saiyan,Vegeta Clan.Hybrid Saiyan,Cell Saga (Z),24-06E
Extreme,Appule,Purple,Frieza Force.Minion.Event Exclusive,Minion.Frieza Force.Event Exclusive,Frieza Saga (Z),-EVT-25E
Extreme,Super #17,Purple,GT.Android.Merging.Fusion Warrior.Powerful Opponent,GT.Android,Super #17 Saga (GT),35-06E
Extreme,Nail,Purple,Regeneration.Namekian,Regeneration.Frieza Saga (Z),Frieza Saga (Z),16-03E
Extreme,Gohan (Kid),Purple,Hybrid Saiyan.Son Family.Kids,Hybrid Saiyan.Son Family,Saiyan Saga (Z),27-01E
Extreme,Chi-Chi,Purple,Girls.DB,Girls,Dragon Ball Saga,21-03E
Extreme,Copyman,Purple,Minion.Event Exclusive,Minion.Saiyan Saga (Z),Game Originals,-EVT-36E
Extreme,Super Saiyan Goku,Purple,Saiyan.Super Saiyan.Son Family,Red.Purple,Cell Saga (Z),26-01E
Extreme,Goku,Purple,GT.Saiyan.Son Family.Kids,GT,Super #17 Saga (GT),19-06E
Extreme,Captain Ginyu,Purple,Frieza Force.Ginyu Force,Frieza Force,Frieza Saga (Z),14-10E
Extreme,Krillin,Purple,Super Warrior,Super Warrior.Purple,Cell Saga (Z),25-01E
Extreme,Videl,Purple,Girls,Girls.Purple,Majin Buu Saga (Z),12-03E
Extreme,Krillin.2,Purple,Super Warrior,Purple.Frieza Saga (Z),Frieza Saga (Z),16-12E
Extreme,3rd Form Frieza,Purple,Frieza Force.Transforming Warrior.Lineage of Evil.Powerful Opponent,Lineage of Evil.Purple,Frieza Saga (Z),01-43E
Extreme,Perfect Form Cell,Purple,Android.Absorption.Regeneration.Future.Powerful Opponent,Future,Cell Saga (Z),23-03E
Extreme,Trunks (Teen),Purple,Hybrid Saiyan.Vegeta Clan.Future,Future.Purple,Cell Saga (Z),10-07E
Extreme,Demon King Piccolo,Purple,Regeneration.Namekian.Powerful Opponent.DB,Purple,Dragon Ball Saga,05-09E
Extreme,Tora,Purple,Saiyan.Team Bardock,Saiyan,Anime Originals Saga,08-08E
Extreme,Android #18,Purple,Android.Girls.Twins.Future.Powerful Opponent,Android,Androids Saga (Z),08-05E
Extreme,Mai,Purple,Girls.Future,Future.Girls,Future Trunks Saga (S),09-08E
Extreme,Super Saiyan Vegeta,Purple,Saiyan.Vegeta Clan.Super Saiyan.Otherworld Warrior,Super Saiyan,Movies,07-02E
Extreme,Thouser,Purple,.,Movies,Movies,08-11E
Extreme,Mercenary Tao,Purple,DB,Purple,Dragon Ball Saga,01-31E
Extreme,Master Roshi,Purple,DB,Dragon Ball Saga,Dragon Ball Saga,04-13E
Extreme,Chiaotzu,Purple,Super Warrior,All,Saiyan Saga (Z),01-12E
Extreme,Pan,Purple,GT.Hybrid Saiyan.Son Family.Girls,Girls,Black Star Dragon Ball Saga (GT),04-12E
Extreme,Thouser,Green,.,Movies.Lineage of Evil,Movies,51-02E
Extreme,Trunks,Green,GT.Hybrid Saiyan.Vegeta Clan,GT.Hybrid Saiyan,Super Baby Saga (GT),67-03E
Extreme,Super Saiyan God SS Goku,Green,Saiyan.Son Family.God Ki.Super Saiyan God SS.Future,Future.God Ki.Green.Saiyan,Future Trunks Saga (S),54-01E
Extreme,Final Form Frieza,Green,Frieza Force.Lineage of Evil.Transforming Warrior,Lineage of Evil.Movies,Movies,41-05E
Extreme,Gohan & Trunks (Youth),Green,Hybrid Saiyan.Son Family.Vegeta Clan.Future,Future.Hybrid Saiyan,Android Saga (Z),46-02E
Extreme,Tora,Green,Saiyan.Team Bardock,Saiyan.Team Bardock,Anime Originals Saga,43-02E
Extreme,Yurin,Green,Girls,Universe Survival Saga (S).Girls,Universe Survival Saga (S),47-03E
Extreme,Dyspo,Green,Rival Universe.Universe 11.Universe Rep,Universe Survival Saga (S).Rival Universe,Universe Survival Saga (S),44-04E
Extreme,Super Saiyan 3 Gotenks,Green,Hybrid Saiyan.Fusion Warrior.Kids.Super Saiyan 3.Fusion,,Majin Buu Saga (Z),35-05E
Extreme,Navel,Green,Frieza Force.Minion.Event Exclusive,Frieza Force.Event Exclusive.Frieza Saga (Z),Frieza Saga (Z),-EVT-53E
Extreme,Ramon,Green,Frieza Force.Minion.Event Exclusive,Frieza Force.Event Exclusive.Frieza Saga (Z),Frieza Saga (Z),-EVT-26E
Extreme,Saibaman,Green,Minion.Event Exclusive,Minion.Saiyan Saga (Z),Saiyan Saga (Z),-EVT-31E
Extreme,Super Saiyan Goku,Green,Saiyan.Super Saiyan.Son Family,Frieza Saga (Z),Frieza Saga (Z),37-01E
Extreme,Bujin,Green,Hera Clan,Movies.Hera Clan,Movies,36-07E
Extreme,Tien,Green,Super Warrior,Super Warrior.Green,Cell Saga (Z),25-03E
Extreme,Trunks (Youth),Green,Hybrid Saiyan.Vegeta Clan.Future,Future.Hybrid Saiyan,Androids Saga (Z),32-03E
Extreme,Super Vegeta,Green,Saiyan.Vegeta Clan.Super Saiyan,Vegeta Clan,Cell Saga (Z),24-04E
Extreme,Borgos,Green,Saiyan.Team Bardock,Saiyan.Team Bardock,Anime Originals Saga,22-06E
Extreme,Kakunsa,Green,Transforming Warrior.Girls.Universe 2.Rival Universe.Universe Rep,Rival Universe.Girls,Universe Survival Saga (S),28-04E
Extreme,Zamasu,Green,God Ki.Future.Regeneration.Powerful Opponent,Green.God Ki,Future Trunks Saga (S),16-05E
Extreme,Android #15,Green,Android,Android,Movies,20-04E
Extreme,Trunks.2,Green,GT.Hybrid Saiyan.Vegeta Clan,Green.Hybrid Saiyan,Black Star Dragon Ball Saga (GT),11-03E
Extreme,Boujack,Green,Transforming Warrior.Powerful Opponent.Hera Clan,Movies,Movies,15-03E
Extreme,Trunks (Kid),Green,Hybrid Saiyan.Vegeta Clan.Kids,Movies.Vegeta Clan,Movies,19-02E
Extreme,Shisami,Green,Frieza Force,Frieza Force.Green,Frieza Resurrected Saga (S),18-04E
Extreme,Gohan,Green,Hybrid Saiyan.Son Family.Future,Future,Androids Saga (Z),08-06E
Extreme,Turles,Green,Saiyan.Powerful Opponent,Green,Movies,02-14E
Extreme,Android #17,Green,Android.Twins.Future.Powerful Opponent,Android,Androids Saga (Z),08-04E
Extreme,Vegeta,Green,Saiyan.Vegeta Clan,Saiyan,Frieza Saga (Z),01-39E
Extreme,Guldo,Green,Frieza Force.Ginyu Force,Frieza Force,Frieza Saga (Z),14-09E
Extreme,Super Saiyan Trunks (Teen),Green,Hybrid Saiyan.Super Saiyan.Vegeta Clan.Future,Hybrid Saiyan,Cell Saga (Z),07-03E
Extreme,Yamcha,Green,Super Warrior,Green,Saiyan Saga (Z),01-38E
Extreme,Cabba,Green,Saiyan.Universe 6.Rival Universe.Universe Rep,God of Destruction Champa Saga (S),God of Destruction Champa Saga (S),03-11E
Extreme,Dodoria,Green,Frieza Force,Frieza Force,Frieza Saga (Z),04-09E
Extreme,Android #18,Green,Android.Girls.Twins,Girls,Androids Saga (Z),03-07E
Extreme,Jiren,Blue,Universe 11.Universe Rep.Rival Universe.Powerful Opponent,Universe Survival Saga (S).Rival Universe,Universe Survival Saga (S),38-02E
Extreme,Omega Shenron,Blue,GT.Shadow Dragon.Regeneration.Powerful Opponent.Absorption.Fusion Warrior,GT.Powerful Opponent,Shadow Dragon Saga (GT),53-04E
Extreme,Super Saiyan 2 Gohan (Youth),Blue,Hybrid Saiyan.Son Family.Super Saiyan 2,Hybrid Saiyan.Son Family,Cell Saga (Z),40-01E
Extreme,God of Destruction Champa,Blue,God of Destruction.God Ki.Twins.Universe 6.Rival Universe.Universe Rep,Universe Rep.Rival Universe,Universe Survival Saga (S),59-02E
Extreme,Fasha,Blue,Saiyan.Girls.Team Bardock,Saiyan.Team Bardock,Anime Originals Saga,43-03E
Extreme,Super Saiyan Kale (Berserk),Blue,Saiyan.Super Saiyan.Girls.Universe 6.Rival Universe.Universe Rep,Universe Rep.Rival Universe.Girls,Universe Survival Saga (S),56-03E
Extreme,Gokua,Blue,Transforming Warrior.Hera Clan,Movies.Hera Clan,Movies,36-05E
Extreme,Final Form Cooler,Blue,Transforming Warrior.Lineage of Evil.Powerful Opponent,Lineage of Evil.Movies.Powerful Opponent,Movies,48-04E
Extreme,Kale,Blue,Saiyan.Girls.Universe 6.Rival Universe.Universe Rep,Universe Survival Saga (S).Rival Universe.Girls,Universe Survival Saga (S),47-04E
Extreme,Kaiwareman,Blue,Minion.Event Exclusive,Minion.Saiyan Saga (Z),Game Originals,-EVT-32E
Extreme,Nabana,Blue,Frieza Force.Minion.Event Exclusive,Minion.Frieza Saga (Z).Frieza Force,Frieza Saga (Z),-EVT-28E
Extreme,Majin Buu: Good,Blue,Absorption.Regeneration.Powerful Opponent,Blue,Majin Buu Saga (Z),21-04E
Extreme,Master Roshi,Blue,DB,Blue.Dragon Ball Saga,Dragon Ball Saga,31-04E
Extreme,Final Form Frieza,Blue,Frieza Force.Transforming Warrior.Lineage of Evil.Powerful Opponent,Lineage of Evil.Powerful Opponent,Frieza Saga (Z),29-05E
Extreme,Baby Vegeta,Blue,GT.Merging.Transforming Warrior.Regeneration.Saiyan.Powerful Opponent,GT.Saiyan,Super Baby Saga (GT),34-05E
Extreme,Recoome,Blue,Frieza Force.Ginyu Force,Frieza Force,Frieza Saga (Z),14-06E
Extreme,Goku Black,Blue,Saiyan.Future.Powerful Opponent,Future.Powerful Opponent,Future Trunks Saga (S),34-02E
Extreme,Zangya,Blue,Girls.Hera Clan,Movies.Girls,Movies,15-04E
Extreme,Majin Buu: Pure Evil,Blue,Absorption.Regeneration.Powerful Opponent,Regeneration.Blue,Majin Buu Saga (Z),10-05E
Extreme,Android #14,Blue,Android,Blue.Purple,Movies,20-03E
Extreme,Goku (Youth),Blue,Saiyan.Kids.Son Family.DB,Blue.Dragon Ball Saga,Dragon Ball Saga,24-14E
Extreme,Syn Shenron,Blue,GT.Shadow Dragon.Powerful Opponent,GT.Shadow Dragon,Shadow Dragon Saga (GT),24-10E
Extreme,1st Form Frieza,Blue,Frieza Force.Transforming Warrior.Lineage of Evil.Powerful Opponent,Blue.Frieza Force,Frieza Saga (Z),01-40E
Extreme,Super Saiyan Vegeta,Blue,Saiyan.Super Saiyan.Vegeta Clan,Blue.Purple,Cell Saga (Z),10-04E
Extreme,2nd Form Cell,Blue,Future.Android.Regeneration.Absorption.Powerful Opponent,Blue,Cell Saga (Z),04-02E
Extreme,Cooler,Blue,Lineage of Evil.Powerful Opponent.Transforming Warrior,Movies,Movies,07-06E
Extreme,Trunks (Kid),Blue,Hybrid Saiyan.Kids.Vegeta Clan,Blue,Majin Buu Saga (Z),05-04E
Extreme,Goten (Kid),Blue,Hybrid Saiyan.Kids.Son Family,Blue,Majin Buu Saga (Z),05-02E
Extreme,Final Form Frost,Blue,Universe 6.Transforming Warrior.Lineage of Evil.Rival Universe.Universe Rep,Blue,God of Destruction Champa Saga (S),01-46E
Extreme,Zarbon,Blue,Frieza Force.Transforming Warrior,Frieza Force,Frieza Saga (Z),04-08E
Extreme,Raditz,Blue,Frieza Force.Saiyan,Saiyan,Saiyan Saga (Z),01-21E
Extreme,Goku,Blue,Saiyan.Son Family,Saiyan,Saiyan Saga (Z),01-02E
Sparking,Jeice & Burter,Red,Frieza Force.Ginyu Force,Ginyu Force.Frieza Saga (Z),Frieza Saga (Z),62-03S
Sparking,Piccolo Jr.,Red,Regeneration.Namekian.Powerful Opponent.DB,DB.Regeneration,Dragon Ball Saga,63-05S
Sparking,2nd Form Cell,Red,Android.Absorption.Regeneration.Future.Powerful Opponent,Future.Regeneration.Android,Cell Saga (Z),57-03S
Sparking,Super Saiyan Goku,Red,GT.Saiyan.Son Family.Super Saiyan.Kids.Event Exclusive,GT.Event Exclusive,Black Star Dragon Ball Saga (GT),-EVT-59S
Sparking,Fused with Nail Piccolo,Red,Super Warrior.Merging.Regeneration.Namekian,Movies.Regeneration,Movies,40-04S
Sparking,Kahersal,Red,Rival Universe.Universe 11.Universe Rep,Universe Rep.Purple,Universe Survival Saga (S),59-06S
Sparking,Super Saiyan 2 Kefla,Red,Saiyan.Super Saiyan 2.Girls.Fusion Warrior.Rival Universe.Universe Rep.Potara.Universe 6,,Universe Survival Saga (S),35-10S
Sparking,Android #18,Red,Android.Girls.Twins.Event Exclusive,Android.Event Exclusive,Cell Saga (Z),-EVT-71S
Sparking,Saiyan in Red,Red,Saiyan,Saiyan.Game Originals,Game Originals,00-03S
Sparking,Gohan,Red,Hybrid Saiyan.Son Family,Movies,Movies,60-01S
Sparking,Launch,Red,Girls.DB,Red.Green.Dragon Ball Saga,Dragon Ball Saga,31-05S
Sparking,Final Form Frieza,Red,Frieza Force.Transforming Warrior.Lineage of Evil,,Movies,30-02S
Sparking,Pan,Red,Son Family.Hybrid Saiyan.Girls.Kids,Movies,Movies,52-02S
Sparking,Omega Shenron,Red,GT.Shadow Dragon.Regeneration.Powerful Opponent.Fusion Warrior.Absorption,GT.Regeneration,Shadow Dragon Saga (GT),24-09S
Sparking,Goku Black,Red,Saiyan.Future.Powerful Opponent.Event Exclusive,Future.Event Exclusive,Future Trunks Saga (S),-EVT-70S
Sparking,Ultimate Gohan Absorbed Buu:Super,Red,Absorption.Regeneration.Powerful Opponent,Regeneration.Majin Buu Saga (Z).Powerful Opponent,Majin Buu Saga (Z),49-03S
Sparking,Bergamo,Red,Universe Rep.Universe 9.Rival Universe,Universe Survival Saga (S).Red,Universe Survival Saga (S),28-01S
Sparking,Trunks:Mai (Assist),Red,Hybrid Saiyan.Future.Girls.Vegeta Clan,Future.Vegeta Clan,Future Trunks Saga (S),33-01S
Sparking,Boujack,Red,Transforming Warrior.Powerful Opponent.Hera Clan,Powerful Opponent,Movies,36-03S
Sparking,Super Saiyan God SS Goku,Red,Saiyan.Son Family.God Ki.Super Saiyan God SS.Event Exclusive,God Ki.Event Exclusive,Frieza Resurrected Saga (S),-EVT-44S
Sparking,Super Saiyan God SS Goku.2,Red,Saiyan.Son Family.God Ki.Super Saiyan God SS.Future,Future.Son Family,Future Trunks Saga (S),25-04S
Sparking,Android #21,Red,Android.Regeneration.Girls.Event Exclusive.Transforming Warrior.Absorption,Android.Regeneration,DRAGON BALL FighterZ,-EVT-42S
Sparking,Goku,Red,Saiyan.Son Family.Event Exclusive,Saiyan Saga (Z).Event Exclusive.Red,Saiyan Saga (Z),-EVT-18S
Sparking,Fusion Android #13,Red,Android.Absorption.Fusion Warrior.Powerful Opponent,Android,Movies,16-02S
Sparking,Super Saiyan Trunks (Teen),Red,Hybrid Saiyan.Vegeta Clan.Super Saiyan.Future,Hybrid Saiyan.Vegeta Clan,Cell Saga (Z),23-01S
Sparking,Super Saiyan Rose Goku Black,Red,Saiyan.Future.God Ki.Super Saiyan Rose.Powerful Opponent,God Ki.Future,Future Trunks Saga (S),18-06S
Sparking,Super Saiyan 4 Vegeta,Red,GT.Saiyan.Vegeta Clan.Super Saiyan 4,GT.Vegeta Clan,Shadow Dragon Saga (GT),19-07S
Sparking,Goku.2,Red,GT.Saiyan.Son Family.Kids,GT.Son Family,Super #17 Saga (GT),16-10S
Sparking,Great Saiyaman 1 & 2 (Assist),Red,Hybrid Saiyan.Transforming Warrior.Son Family.Girls,Movies.Hybrid Saiyan,Movies,27-05S
Sparking,Super Janemba,Red,Transforming Warrior.Regeneration.Powerful Opponent,Regeneration.Movies,Movies,20-02S
Sparking,Vegeta,Red,Event Exclusive.Saiyan.Vegeta Clan,Vegeta Clan,Movies,-EVT-15S
Sparking,Super Saiyan Gotenks,Red,Hybrid Saiyan.Super Saiyan.Fusion Warrior.Fusion.Kids,Hybrid Saiyan.Fusion Warrior,Majin Buu Saga (Z),23-04S
Sparking,Bardock,Red,Saiyan.Team Bardock,Saiyan.Team Bardock,Anime Originals Saga,22-02S
Sparking,Buu:Kid,Red,Absorption.Regeneration.Powerful Opponent,Regeneration,Majin Buu Saga (Z),17-06S
Sparking,Kakarot Goku,Red,Event Exclusive.Saiyan.Son Family,Goku,Dragon Ball Z: Kakarot,-EVT-14S
Sparking,Dyspo,Red,Universe Rep.Rival Universe.Universe 11,Rival Universe.Red,Universe Survival Saga (S),
Sparking,Android #18.2,Red,Android.Girls.Twins,Girls,Majin Buu Saga (Z),16-07S
Sparking,Hyper Meta-Rilldo,Red,GT.Merging.Powerful Opponent,Red,Black Star Dragon Ball Saga (GT),11-04S
Sparking,Hero Tapion,Red,.,Movies,Movies,19-03S
Sparking,Vegito,Red,Event Exclusive.Potara.Fusion Warrior.Saiyan,Fusion Warrior,Majin Buu Saga (Z),-EVT-07S
Sparking,Super Saiyan Kale (Berserk),Red,Saiyan.Rival Universe.Girls.Universe 6.Universe Rep.Super Saiyan,Universe 6.Girls,Universe Survival Saga (S),09-04S
Sparking,Final Form Frieza.2,Red,Frieza Force.Transforming Warrior.Lineage of Evil.Powerful Opponent,,Frieza Resurrected Saga (S),18-01S
Sparking,Pikkon,Red,Otherworld Warrior.Powerful Opponent,Red.Green,Anime Originals Saga,24-15S
Sparking,Great Saiyaman 2,Red,Transforming Warrior.Girls,Purple,Movies,11-06S
Sparking,Super Saiyan Vegeta,Red,Saiyan.Vegeta Clan.Super Saiyan,Red.Vegeta Clan,Androids Saga (Z),02-01S
Sparking,Super Gogeta,Red,Saiyan.Super Saiyan.Otherworld Warrior.Fusion.Fusion Warrior,Fusion Warrior,Movies,05-10S
Sparking,Super Saiyan 3 Goku,Red,Saiyan.Super Saiyan 3.Son Family,Red,Majin Buu Saga (Z),10-01S
Sparking,Majin Vegeta,Red,Saiyan.Super Saiyan.Vegeta Clan,Saiyan,Majin Buu Saga (Z),06-12S
Sparking,Metal Cooler,Red,Lineage of Evil.Powerful Opponent.Merging.Regeneration,Lineage of Evil.Movies,Movies,12-02S
Sparking,Goku Captain Ginyu,Red,Event Exclusive.Frieza Force.Ginyu Force.Saiyan,Frieza Force.Frieza Saga (Z),Frieza Saga (Z),-EVT-10S
Sparking,Zamasu,Red,God Ki.Future.Regeneration.Powerful Opponent,Future.Regeneration,Future Trunks Saga (S),08-14S
Sparking,Super Saiyan Goku.2,Red,Saiyan.Son Family.Super Saiyan.Legends Road.Event Exclusive,Super Saiyan.Event Exclusive,Androids Saga (Z),-EVT-08S
Sparking,Super Saiyan God Goku,Red,Saiyan.Son Family.Super Saiyan God.God Ki,God Ki,God of Destruction Beerus Saga (S),07-09S
Sparking,Broly:Fury,Red,Event Exclusive.Saiyan.Frieza Force.Powerful Opponent,Movies,Movies,-EVT-02S
Sparking,Perfect Form Cell,Red,Android.Absorption.Regeneration.Future.Powerful Opponent,Regeneration,Cell Saga (Z),04-04S
Sparking,Perfect Form Cell.2,Red,Android.Absorption.Regeneration.Future.Powerful Opponent,Android.Regeneration.Powerful Opponent,Cell Saga (Z),26-08S
Sparking,Super Saiyan Goku.3,Red,Saiyan.Super Saiyan.Son Family,Saiyan,Frieza Saga (S),01-04S
Sparking,Super Saiyan Trunks (Teen).2,Red,Hybrid Saiyan.Vegeta Clan.Super Saiyan.Future,Hybrid Saiyan,Androids Saga (Z),02-02S
Sparking,World Champion Hercule,Red,.,All,Cell Saga (Z),05-07S
Sparking,Master Roshi,Yellow,Super Warrior.Universe Rep,Universe Rep.Universe Survival Saga (S).Super Warrior,Universe Survival Saga (S),56-02S
Sparking,Jiren,Yellow,Rival Universe.Universe 11.Universe Rep.Powerful Opponent,Universe Rep.Powerful Opponent.Rival Universe,Universe Survival Saga (S),59-04S
Sparking,Golden Frieza,Yellow,Frieza Force.Lineage of Evil.Transforming Warrior.Otherworld Warrior.Universe Rep,Universe Rep.Lineage of Evil,Universe Survival Saga (S),65-04S
Sparking,Master Roshi.2,Yellow,DB,DB.Movies,Movies,63-02S
Sparking,Super Saiyan Gohan,Yellow,Hybrid Saiyan.Son Family.Super Saiyan.Future,Future,Androids Saga (Z),08-01S
Sparking,Goku,Yellow,Event Exclusive.Saiyan.Son Family,Saiyan.Event Exclusive,Frieza Saga (Z),-EVT-72S
Sparking,Pan:Trunks & Giru (Assist),Yellow,GT.Girls.Vegeta Clan.Hybrid Saiyan.Son Family,GT.Hybrid Saiyan,Black Star Dragon Ball Saga (GT),67-02S
Sparking,Super Saiyan Trunks (Teen),Yellow,Event Exclusive.Future.Hybrid Saiyan.Vegeta Clan.Super Saiyan,Future.Event Exclusive,Androids Saga (Z),-EVT-46S
Sparking,Super Saiyan Goku,Yellow,Saiyan.Son Family.Super Saiyan,Movies.Saiyan,Movies,40-03S
Sparking,Super #17,Yellow,GT.Event Exclusive.Android.Merging.Fusion Warrior.Powerful Opponent,,Super #17 Saga (GT),-EVT-58S
Sparking,Android #17,Yellow,Android.Twins.Universe Rep,Universe Survival Saga (S).Android,Universe Survival Saga (S),34-03S
Sparking,Ultimate Gohan,Yellow,Event Exclusive.Son Family.Universe Rep.Hybrid Saiyan,Event Exclusive.Universe Rep,Universe Survival Saga (S),-EVT-66S
Sparking,Super Saiyan Broly,Yellow,Saiyan.Super Saiyan.Powerful Opponent,Powerful Opponent,Movies,32-05S
Sparking,Majuub,Yellow,GT.Fusion Warrior.Merging,GT.Fusion Warrior,Super Baby Saga (GT),37-04S
Sparking,Recoome & Guldo,Yellow,Frieza Force.Ginyu Force,Ginyu Force.Frieza Force.Frieza Saga (Z),Frieza Saga (Z),62-02S
Sparking,Gotenks,Yellow,Hybrid Saiyan.Fusion.Fusion Warrior,Movies.Hybrid Saiyan.Fusion Warrior,Movies,65-03S
Sparking,Hero Tapion,Yellow,Powerful Opponent,Movies.Powerful Opponent,Movies,48-02S
Sparking,Krillin,Yellow,Event Exclusive.Super Warrior.Universe Rep,Universe Survival Saga (S).Super Warrior,Universe Survival Saga (S),-EVT-48S
Sparking,Super Saiyan Trunks (Adult) (Rage),Yellow,Hybrid Saiyan.Super Saiyan.Future.Vegeta Clan,Future.Vegeta Clan,Future Trunks Saga (S),24-05S
Sparking,Nuova Shenron,Yellow,GT.Shadow Dragon.Twins,GT.Shadow Dragon,Shadow Dragon Saga (GT),35-04S
Sparking,Super Saiyan 3 Goku,Yellow,Event Exclusive.Super Saiyan 3.Saiyan.Son Family,Majin Buu Saga (Z).Event Exclusive.Yellow,Majin Buu Saga (Z),-EVT-21S
Sparking,Perfect Form Cell,Yellow,Android.Absorption.Future.Powerful Opponent.Regeneration.Event Exclusive,Event Exclusive.Powerful Opponent,Cell Saga (Z),-EVT-56S
Sparking,Super Saiyan 2 Caulifla:Kale (Assist),Yellow,Rival Universe.Universe 6.Universe Rep.Super Saiyan 2.Girls.Saiyan,Rival Universe.Girls.Saiyan,Universe Survival Saga (S),38-04S
Sparking,Super Saiyan Rose Goku Black,Yellow,Event Exclusive.Saiyan.Future.God Ki.Super Saiyan Rose.Powerful Opponent,Future.Powerful Opponent,Future Trunks Saga (S),-EVT-39S
Sparking,Syn Shenron,Yellow,GT.Shadow Dragon.Powerful Opponent,GT,Shadow Dragon Saga (GT),21-01S
Sparking,God of Destruction Champa,Yellow,Rival Universe.Universe Rep.God Ki.God of Destruction.Twins.Universe 6,God Ki.Rival Universe,Universe Survival Saga (S),28-05S
Sparking,Turles,Yellow,Saiyan.Powerful Opponent,Movies.Powerful Opponent,Movies,25-08S
Sparking,Vegito,Yellow,Saiyan.Fusion Warrior.Potara,Fusion Warrior,Majin Buu Saga (Z),22-08S
Sparking,Bardock,Yellow,Saiyan,Saiyan,Movies,19-01S
Sparking,Final Form Frieza: Full Power,Yellow,Frieza Force.Lineage of Evil.Transforming Warrior.Powerful Opponent,Lineage of Evil,Frieza Saga (Z),15-06S
Sparking,Super Saiyan Goku.2,Yellow,Saiyan.Son Family.Super Saiyan.Event Exclusive,Frieza Saga (Z).Event Exclusive.Yellow,Frieza Saga (Z),-EVT-19S
Sparking,Goten (Kid),Yellow,Hybrid Saiyan.Son Family.Kids,Hybrid Saiyan.Son Family,Majin Buu Saga (Z),27-02S
Sparking,Vegeta,Yellow,Saiyan.Vegeta Clan.Otherworld Warrior,Saiyan.Vegeta Clan,Majin Buu Saga (Z),32-01S
Sparking,Super Saiyan Gohan (Youth),Yellow,Hybrid Saiyan.Son Family.Super Saiyan,Hybrid Saiyan.Movies,Movies,17-01S
Sparking,Perfect Cell,Yellow,Android.Absorption.Future.Powerful Opponent.Regeneration,Android.Regeneration,Cell Saga (Z),10-09S
Sparking,Super Saiyan 3 Gotenks,Yellow,Hybrid Saiyan.Super Saiyan 3.Fusion.Fusion Warrior.Kids,Fusion Warrior.Hybrid Saiyan,Majin Buu Saga (Z),11-08S
Sparking,Hit,Yellow,Universe 6.Powerful Opponent.Rival Universe.Universe Rep,Yellow.Blue,God of Destruction Champa Saga (S),15-08S
Sparking,Super Saiyan Vegeta,Yellow,GT.Saiyan.Super Saiyan.Vegeta Clan,Saiyan,Super Baby Saga (GT),11-02S
Sparking,Super Saiyan Goku.3,Yellow,Saiyan.Son Family.Super Saiyan.Otherworld Warrior,Son Family,Movies,12-04S
Sparking,Rozie,Yellow,Transforming Warrior.Universe 2.Girls.Rival Universe.Universe Rep,Girls.Universe 2,Universe Survival Saga (S),16-09S
Sparking,Boujack,Yellow,Transforming Warrior.Powerful Opponent.Hera Clan,Movies,Movies,08-13S
Sparking,Super Saiyan God SS Goku,Yellow,Saiyan.Son Family.Universe Rep.Super Saiyan God SS.God Ki,God Ki.Saiyan,God of Destruction Champa Saga (S),15-07S
Sparking,Fused with Kami Piccolo,Yellow,Event Exclusive.Legends Road.Namekian.Super Warrior.Merging.Regeneration,Regeneration.Event Exclusive,Cell Saga (Z),-EVT-09S
Sparking,Final Form Frieza,Yellow,Frieza Force.Transforming Warrior.Lineage of Evil.Powerful Opponent,Yellow,Frieza Saga (Z),01-41S
Sparking,Super Saiyan 2 Goku,Yellow,Saiyan.Super Saiyan 2.Son Family.Otherworld Warrior,Yellow,Majin Buu Saga (Z),07-01S
Sparking,Super Saiyan Goku.4,Yellow,Saiyan.Son Family.Super Saiyan,Yellow,Androids Saga (Z),03-01S
Sparking,Goku Black,Yellow,Saiyan.Future.Powerful Opponent,Future,Future Trunks Saga (S),06-13S
Sparking,Videl,Yellow,Girls,Girls,Majin Buu Saga (Z),09-07S
Sparking,Pikkon,Yellow,Otherworld Warrior,Yellow.Movies,Movies,01-16S
Sparking,Super Saiyan God Vegeta,Yellow,Saiyan.Vegeta Clan.God Ki.Super Saiyan God,God Ki,Movies,09-09S
Sparking,Demon King Piccolo,Yellow,Regeneration.Namekian.Powerful Opponent.DB,Regeneration,Dragon Ball Saga,05-08S
Sparking,Goku (Youth),Yellow,Event Exclusive.Saiyan.Son Family.DB.Legends Road.Kids,Event Exclusive.Dragon Ball Saga,Dragon Ball Saga,-EVT-01S
Sparking,Super Saiyan Trunks (Kid),Yellow,Hybrid Saiyan.Vegeta Clan.Kids.Super Saiyan,Hybrid Saiyan,Majin Buu Saga (Z),05-03S
Sparking,Super Vegeta,Yellow,Vegeta Clan.Saiyan.Super Saiyan,Super Saiyan,Cell Saga (Z),03-14S
Sparking,Android #18,Yellow,Android.Girls.Twins,Girls,Androids Saga (Z),03-06S
Sparking,Gohan (Kid),Yellow,Hybrid Saiyan.Son Family.Kids,Hybrid Saiyan,Saiyan Saga (Z),01-36S
Sparking,Super Saiyan Trunks (Adult),Purple,Hybrid Saiyan.Super Saiyan.Future.Vegeta Clan,Future.Vegeta Clan.Hybrid Saiyan,Future Trunks Saga (S),57-02S
Sparking,Power Awakening Piccolo,Purple,Regeneration.Namekian.Super Warrior.Merging.Transforming Warrior,Movies.Regeneration.Super Warrior,Movies,52-03S
Sparking,Hero Tapion,Purple,Event Exclusive,Movies.Event Exclusive,Movies,-EVT-74S
Sparking,Mecha Frieza,Purple,Frieza Force.Lineage of Evil,Lineage of Evil.Frieza Force,Androids Saga (Z),50-02S
Sparking,Captain Ginyu,Purple,Frieza Force.Ginyu Force,Ginyu Force.Frieza Force.Frieza Saga (Z),Frieza Saga (Z),62-01S
Sparking,Super Saiyan Gogeta,Purple,Saiyan.Fusion.Fusion Warrior.Super Saiyan.Event Exclusive,Fusion Warrior.Event Exclusive.Movies,Movies,-EVT-50S
Sparking,Android #17,Purple,GT.Android.Twins.Powerful Opponent,GT.Android,Super #17 Saga (GT),53-03S
Sparking,Majin Vegeta,Purple,Event Exclusive.Saiyan.Vegeta Clan.Super Saiyan 2,Event Exclusive.Saiyan,Majin Buu Saga (Z),-EVT-51S
Sparking,Goku,Purple,Saiyan.Son Family.Event Exclusive.Universe Rep,Universe Survival Saga (S).Son Family,Universe Survival Saga (S),-EVT-47S
Sparking,Super Saiyan 2 Kefla,Purple,Universe Rep.Potara.Saiyan.Super Saiyan 2.Girls.Rival Universe.Universe 6.Event Exclusive.Fusion Warrior,,Universe Survival Saga (S),-EVT-62S
Sparking,Super Saiyan God SS Vegito,Purple,Saiyan.Potara.God Ki.Fusion Warrior.Future.Super Saiyan God SS,Fusion Warrior.God Ki.Future,Future Trunks Saga (S),35-02S
Sparking,Fusion Zamasu,Purple,God Ki.Future.Regeneration.Powerful Opponent.Potara.Fusion Warrior,,Future Trunks Saga (S),24-08S
Sparking,Red Ribbon Army Piccolo,Purple,Regeneration.Merging.Super Warrior.Namekian.Event Exclusive,Event Exclusive.Movies.Regeneration,Movies,-EVT-76S
Sparking,Whis,Purple,Angel.God Ki,God Ki,Frieza Resurrected Saga (S),45-03S
Sparking,Super Saiyan Vegeta,Purple,Saiyan.Super Saiyan.Vegeta Clan,Movies.Saiyan,Movies,29-01S
Sparking,Demon King Piccolo (Aged),Purple,DB.Regeneration.Namekian.Powerful Opponent,Dragon Ball Saga.Regeneration,Dragon Ball Saga,32-04S
Sparking,Full Power Boujack,Purple,Transforming Warrior.Hera Clan.Powerful Opponent,,Movies,17-03S
Sparking,Hit,Purple,Universe 6.Universe Rep,Rival Universe.Purple,Future Trunks Saga (S),33-04S
Sparking,Super Saiyan God SS Vegeta,Purple,Saiyan.Vegeta Clan.God Ki.Future.Super Saiyan God SS,Vegeta Clan.Future,Future Trunks Saga (S),25-05S
Sparking,Goku.2,Purple,Saiyan.Son Family.Event Exclusive,Movies.Event Exclusive,Movies,-EVT-40S
Sparking,Super Saiyan God SS Goku,Purple,Event Exclusive.Saiyan.Son Family.God Ki.Super Saiyan God SS,Frieza Resurrected Saga (S).Event Exclusive.Purple,Frieza Resurrected Saga (S),-EVT-23S
Sparking,Legendary Super Saiyan Broly,Purple,Saiyan.Super Saiyan.Event Exclusive.Powerful Opponent,,Movies,-EVT-30S
Sparking,Buu:Super,Purple,Absorption.Regeneration.Powerful Opponent.Event Exclusive,Majin Buu Saga (Z).Event Exclusive,Majin Buu Saga (Z),-EVT-65S
Sparking,Buu:Super.2,Purple,Absorption.Regeneration.Powerful Opponent,Regeneration,Majin Buu Saga (Z),11-09S
Sparking,Lavender,Purple,Universe 9.Rival Universe.Universe Rep,Universe Survival Saga (S).Purple,Universe Survival Saga (S),28-02S
Sparking,Super Saiyan 4 Goku,Purple,GT.Saiyan.Son Family.Super Saiyan 4,GT.Son Family,Super Baby Saga (GT),19-05S
Sparking,Super Saiyan God Goku,Purple,Saiyan.Son Family.God Ki.Super Saiyan God,God Ki,Movies,20-05S
Sparking,Android #21: Evil,Purple,Android.Regeneration.Girls.Transforming Warrior.Absorption.Powerful Opponent,Android.Regeneration,DRAGON BALL FighterZ,21-05S
Sparking,Ultimate Gohan Absorbed Buu:Super,Purple,Event Exclusive.Powerful Opponent.Regeneration.Absorption,Purple.Blue,Majin Buu Saga (Z),-EVT-16S
Sparking,Bulma (Youth),Purple,DB.Girls.Event Exclusive,Girls.Hero,Game Originals,-EVT-THX1000
Sparking,Android #17.2,Purple,Android.Twins,Purple.Android,Androids Saga (Z),03-05S
Sparking,Kakunsa,Purple,Transforming Warrior.Girls.Universe 2.Rival Universe.Universe Rep,Girls.Universe 2,Universe Survival Saga (S),16-08S
Sparking,Super Saiyan God SS Vegeta.2,Purple,Saiyan.Vegeta Clan.God Ki.Super Saiyan God SS,God Ki,Frieza Resurrected Saga (S),13-02S
Sparking,Goku Black,Purple,Saiyan.Future.Powerful Opponent,Future,Future Trunks Saga (S),15-02S
Sparking,Turles,Purple,Saiyan.Powerful Opponent,Purple,Movies,02-13S
Sparking,Super Saiyan 2 Caulifla,Purple,Saiyan.Super Saiyan 2.Girls.Universe 6.Rival Universe.Universe Rep,Girls.Universe 6,Universe Survival Saga (S),09-03S
Sparking,Great Saiyaman 1,Purple,Hybrid Saiyan.Son Family.Transforming Warrior.Legends Road.Event Exclusive,,Majin Buu Saga (Z),-EVT-05S
Sparking,Cooler,Purple,Transforming Warrior.Lineage of Evil.Powerful Opponent,Lineage of Evil,Movies,18-03S
Sparking,Super Saiyan Broly,Purple,Saiyan.Powerful Opponent.Super Saiyan,Movies,Movies,07-07S
Sparking,Nappa (Young),Purple,Event Exclusive.Frieza Force.Saiyan,Saiyan,Movies,-EVT-11S
Sparking,Trunks (Teen),Purple,Hybrid Saiyan.Vegeta Clan.Future,Vegeta Clan,Movies,14-04S
Sparking,Android #15,Purple,Android,Android,Movies,14-03S
Sparking,Vegeta,Purple,Frieza Force.Saiyan.Powerful Opponent.Vegeta Clan,,Saiyan Saga (Z),01-17S
Sparking,Goku.3,Purple,Saiyan.Son Family,Purple,Movies,02-11S
Sparking,Super Saiyan 3 Goku,Purple,Saiyan.Super Saiyan 3.Son Family.Otherworld Warrior,Saiyan,Majin Buu Saga (Z),06-11S
Sparking,Super Saiyan Gotenks,Purple,Hybrid Saiyan.Super Saiyan.Fusion Warrior.Fusion.Kids,Fusion Warrior,Majin Buu Saga (Z),06-01S
Sparking,Super Janemba,Purple,Transforming Warrior.Regeneration.Powerful Opponent,Regeneration,Movies,05-11S
Sparking,Super Saiyan 2 Vegeta,Purple,Saiyan.Super Saiyan 2.Vegeta Clan,Purple.Red,God of Destruction Beerus Saga (S),10-03S
Sparking,Chilled,Purple,Lineage of Evil.Powerful Opponent,Lineage of Evil,Anime Originals Saga,07-05S
Sparking,Super Saiyan 2 Gohan (Youth),Purple,Super Saiyan 2.Son Family.Hybrid Saiyan,Hybrid Saiyan,Cell Saga (Z),04-11S
Sparking,Taitans Yamcha,Purple,Event Exclusive.Super Warrior,Super Warrior,Anime Originals Saga,-EVT-06S
Sparking,Demon King Piccolo,Green,Regeneration.Namekian.Powerful Opponent.DB.Event Exclusive,,Dragon Ball Saga,-EVT-73S
Sparking,Super Saiyan Gohan (Youth),Green,Hybrid Saiyan.Son Family.Super Saiyan,Hybrid Saiyan.Son Family,Cell Saga (Z),61-02S
Sparking,Gamma 1,Green,Android,Movies.Android,Movies,46-03S
Sparking,Goku,Green,DB.Saiyan.Son Family,DB.Saiyan,Dragon Ball Saga,63-04S
Sparking,Golden Frieza,Green,Frieza Force.Transforming Warrior.Lineage of Evil.Otherworld Warrior.Universe Rep,Lineage of Evil.Universe Survival Saga (S),Universe Survival Saga (S),45-02S
Sparking,God of Destruction Toppo,Green,God of Destruction.God Ki.Universe 11.Universe Rep.Rival Universe,Universe Survival Saga (S).God Ki.Rival Universe,Universe Survival Saga (S),38-03S
Sparking,Magenta,Green,Powerful Opponent.Android,Movies.Powerful Opponent.Android,Movies,60-04S
Sparking,Fusion Zamasu,Green,Future.God Ki.Regeneration.Powerful Opponent.Fusion Warrior.Potara.Event Exclusive,Event Exclusive.Future,Future Trunks Saga (S),-EVT-60S
Sparking,Kaioken Goku,Green,Saiyan.Son Family,Son Family.Saiyan.Frieza Saga (Z),Frieza Saga (Z),43-04S
Sparking,Pui Pui,Green,Event Exclusive,Event Exclusive.Majin Buu Saga (Z),Majin Buu Saga (Z),-EVT-64S
Sparking,Broly,Green,Saiyan.Frieza Force.Powerful Opponent,Movies.Powerful Opponent,Movies,41-03S
Sparking,Final Form Frieza,Green,Frieza Force.Transforming Warrior.Lineage of Evil.Powerful Opponent.Event Exclusive,Event Exclusive.Frieza Force.Powerful Opponent,Frieza Saga (Z),-EVT-77S
Sparking,Goku Black,Green,Saiyan.Future.Powerful Opponent,Future.Powerful Opponent,Future Trunks Saga (S),27-06S
Sparking,Super Saiyan God SS Vegeta,Green,Event Exclusive.Saiyan.Vegeta Clan.Universe Rep.Super Saiyan God SS.God Ki,,Universe Survival Saga (S),-EVT-67S
Sparking,Super Full Power Saiyan 4 Goku ,Green,GT.Saiyan.Super Saiyan 4.Son Family,GT.Saiyan,Shadow Dragon Saga (GT),24-03S
Sparking,Super Saiyan Trunks (Teen),Green,Hybrid Saiyan.Super Saiyan.Vegeta Clan.Future,Movies.Hybrid Saiyan,Movies,36-02S
Sparking,Gohan (Kid): Piccolo (Assist),Green,Hybrid Saiyan.Kids.Namekian.Regeneration.Son Family.Super Warrior,Saiyan Saga (Z).Son Family.Regeneration,Saiyan Saga (Z),39-03S
Sparking,Kyawei,Green,Universe Rep.Girls.Universe 4.Rival Universe,Universe Rep.Girls.Rival Universe,Universe Survival Saga (S),59-05S
Sparking,1st Form Frieza,Green,Frieza Force.Transforming Warrior.Lineage of Evil.Powerful Opponent.Event Exclusive,,Anime Originals Saga,-EVT-41S
Sparking,Jiren,Green,Powerful Opponent.Univeres 11.Rival Universe.Universe Rep,Rival Universe.Powerful Opponent,Universe Survival Saga (S),29-06S
Sparking,Tien,Green,Event Exclusive.Super Warrior.Universe Rep,Universe Survival Saga (S).Super Warrior,Universe Survival Saga (S),-EVT-49S
Sparking,Final Form Cooler,Green,Transforming Warrior.Powerful Opponent.Lineage of Evil.Event Exclusive,Movies.Event Exclusive,Movies,-EVT-68S
Sparking,Android #18,Green,Android.Girls.Twins.Event Exclusive,Girls.Android,Androids Saga (Z),-EVT-43S
Sparking,Zamasu: Goku Black (Assist),Green,God Ki.Future.Regeneration.Saiyan.Powerful Opponent.Super Saiyan Rose,Future.God Ki,Future Trunks Saga (S),41-04S
Sparking,Android #21: Good,Green,Android.Girls.Regeneration.Transforming Warrior.Absorption,Android.Regeneration.Girls,DRAGON BALL FighterZ,31-02S
Sparking,Buu: Kid,Green,Absorption.Event Exclusive.Powerful Opponent.Regeneration,Powerful Opponent,Majin Buu Saga (Z),-EVT-37S
Sparking,Metal Cooler,Green,Lineage of Evil.Merging.Regeneration.Powerful Opponent,Powerful Opponent.Movies,Movies,29-02S
Sparking,Wasteland Bandit Yamcha,Green,DB,Green,Dragon Ball Saga,31-03S
Sparking,Super Saiyan 2 Kefla,Green,Saiyan.Girls.Rival Universe.Potara.Super Saiyan 2.Universe 6.Universe Rep.Fusion Warrior,Girls.Fusion Warrior,Universe Survival Saga (S),23-05S
Sparking,Goku.2,Green,Saiyan.Son Family,Movies.Green,Movies,16-01S
Sparking,Super Kaioken Goku,Green,Otherworld Warrior.Saiyan.Super Saiyan.Son Family,Son Family.Red,Anime Originals Saga,24-13S
Sparking,Super Saiyan Goku,Green,Saiyan.Son Family.Super Saiyan,Movies.Saiyan,Movies,25-07S
Sparking,Super Saiyan God Goku,Green,Saiyan.Son Family.God Ki.Super Saiyan God.Event Exclusive,God of Destruction Beerus Saga (S).Event Exclusive.Green,God of Destruction Beerus Saga (S),-EVT-22S
Sparking,Super Gogeta,Green,Fusion.Fusion Warrior.Otherworld Warrior.Saiyan.Super Saiyan,Fusion Warrior,Movies,20-01S
Sparking,Golden Frieza.2,Green,Frieza Force.Transforming Warrior.Lineage of Evil.Powerful Opponent,Lineage of Evil.Frieza Force,Frieza Resurrected Saga (S),13-06S
Sparking,Super #17,Green,GT.Android.Merging.Fusion Warrior.Powerful Opponent,GT.Android,Super #17 Saga (GT),16-13S
Sparking,Baby Vegeta,Green,GT.Merging.Transforming Warrior.Saiyan.Regeneration.Powerful Opponent,,Super Baby Saga (GT),21-02S
Sparking,Trunks (Kid),Green,Hybrid Saiyan.Vegeta Clan.Kids,Hybrid Saiyan.Vegeta Clan,Majin Buu Saga (Z),27-03S
Sparking,Raditz,Green,Frieza Force.Saiyan,Saiyan.Saiyan Saga (Z),Saiyan Saga (Z),22-04S
Sparking,Legendary Super Saiyan Broly,Green,Saiyan.Super Saiyan.Powerful Opponent,Movies,Movies,12-01S
Sparking,Ultimate Gohan Absorbed Buu:Super,Green,Absorption.Regeneration.Powerful Opponent,Regeneration,Majin Buu Saga (Z),13-09S
Sparking,1st Form Cell,Green,Android.Absorption.Regeneration.Future.Powerful Opponent,Future.Android,Cell Saga (Z),23-02S
Sparking,Vados,Green,Angel.God Ki.Universe 6.Girls.Rival Universe.Universe Rep,God Ki.Rival Universe,Universe Survival Saga (S),28-06S
Sparking,Super Saiyan Gohan (Teen),Green,Hybrid Saiyan.Super Saiyan.Son Family.Legends Road.Event Exclusive,Hybrid Saiyan.Event Exclusive,Majin Buu Saga (Z),-EVT-12S
Sparking,Gohan,Green,Hybrid Saiyan.Son Family.Future,Future.Hybrid Saiyan,Androids Saga (Z),15-01S
Sparking,Super Saiyan Cabba,Green,Universe 6.Saiyan.Super Saiyan.Universe Rep.Rival Universe,Green.Universe 6,God of Destruction Champa Saga (S),09-01S
Sparking,Ultimate Gohan,Green,Hybrid Saiyan.Son Family,Hybrid Saiyan.Son Family,Majin Buu Saga (Z),10-02S
Sparking,Android #14,Green,Android,Android,Movies,14-02S
Sparking,Super Saiyan Goku.2,Green,GT.Saiyan.Son Family.Super Saiyan.Kids,Saiyan,Black Star Dragon Ball Saga (GT),11-01S
Sparking,Majin Buu: Good,Green,Absorption.Regeneration.Powerful Opponent,Regeneration,Majin Buu Saga (Z),06-06S
Sparking,Cooler,Green,Transforming Warrior.Lineage of Evil.Powerful Opponent,Movies,Movies,02-15S
Sparking,Piccolo,Green,Regeneration.Namekian,Green.Regeneration,Saiyan Saga (Z),01-07S
Sparking,Vegeta,Green,Saiyan.Frieza Force.Powerful Opponent.Vegeta Clan,Green,Saiyan Saga (Z),07-10S
Sparking,Bunny Girl Bulma (Youth),Green,Girls.DB,Girls,Dragon Ball Saga,16-06S
Sparking,Captain Ginyu,Green,Frieza Force.Ginyu Force,Frieza Force.Ginyu Force,Frieza Saga (Z),01-44S
Sparking,Chi-Chi,Green,Girls.DB,Girls,Dragon Ball Saga,09-06S
Sparking,Gotenks,Green,Hybrid Saiyan.Kids.Fusion.Fusion Warrior.Legends Road.Event Exclusive,Fusion Warrior.Event Exclusive,Majin Buu Saga (Z),-EVT-04S
Sparking,Bardock,Green,Saiyan.Team Bardock,Saiyan,Anime Original Sagas,03-10S
Sparking,Mai,Green,Girls.Future,Girls.Future,Future Trunks Saga (S),08-03S
Sparking,Android #16,Green,Android,Android,Androids Saga (Z),05-06S
Sparking,Super Saiyan Goten (Kid),Green,Son Family.Hybrid Saiyan.Super Saiyan.Kids,Hybrid Saiyan,Majin Buu Saga (Z),05-01S
Sparking,Super Trunks,Green,Vegeta Clan.Hybrid Saiyan.Super Saiyan.Future,Hybrid Saiyan,Cell Saga (Z),03-15S
Sparking,Super Saiyan Goku.3,Green,Saiyan.Son Family.Super Saiyan,Green,Cell Saga (Z),04-01S
Sparking,Zamasu,Blue,Future.Regeneration.God Ki.Powerful Opponent,Future.Regeneration.God Ki.Powerful Opponent,Future Trunks Saga (S),54-04S
Sparking,Super Saiyan Broly: Full Power,Blue,Saiyan.Super Saiyan.Powerful Opponent.Event Exclusive,Saiyan.Powerful Opponent.Event Exclusive,Moves,-EVT-61S
Sparking,Gamma 2,Blue,Android,Movies.Android,Movies,46-04S
Sparking,Android #8,Blue,Android.DB,DB.Movies.Android,Movies,63-03S
Sparking,Android #13,Blue,Android.Powerful Opponent,Android,Movies,14-05S
Sparking,Android #18,Blue,Girls.Android.Twins.Universe Rep,Universe Survival Saga (S).Android,Universe Survival Saga (S),34-04S
Sparking,Final Form Frieza,Blue,Frieza Force.Transforming Warrior.Lineage of Evil.Powerful Opponent,Frieza Force.Lineage of Evil.Powerful Opponent,Frieza Saga (Z),43-05S
Sparking,Tien,Blue,Super Warrior,Super Warrior.BLU.Majin Buu Saga (Z),Majin Buu Saga (Z),49-02S
Sparking,Super Saiyan Vegeta,Blue,Saiyan.Vegeta Clan.Super Saiyan.Universe Rep,Vegeta Clan.Universe Survival Saga (S).Saiyan,Universe Survival Saga (S),47-02S
Sparking,Nappa,Blue,Frieza Force.Saiyan,Saiyan.Saiyan Saga (Z).Frieza Force,Saiyan Saga (Z),39-04S
Sparking,Eis Shenron,Blue,GT.Twins.Shadow Dragon,GT,Shadow Dragon Saga (GT),35-03S
Sparking,Metal Cooler,Blue,Regeneration.Merging.Lineage of Evil.Powerful Opponent.Event Exclusive,Lineage of Evil.Powerful Opponent.Event Exclusive,Movies,-EVT-57S
Sparking,God of Destruction Beerus,Blue,God of Destruction.Twins.God Ki.Universe Rep,Universe Survival Saga (S).God Ki,Universe Survival Saga (S),44-02S
Sparking,Super Saiyan God SS Vegeta,Blue,Vegeta Clan.Saiyan.God Ki.Super Saiyan God SS.Event Exclusive,God Ki.Event Exclusive.Saiyan,Frieza Resurrected Saga (S),-EVT-45S
Sparking,Super Saiyan Gohan (Youth),Blue,Son Family.Hybrid Saiyan.Super Saiyan.Event Exclusive,Movies.Event Exclusive.Son Family,Movies,-EVT-75S
Sparking,Super Saiyan 2 Trunks (Adult),Blue,Vegeta Clan.Hybrid Saiyan.Future.Super Saiyan 2,Future.Hybrid Saiyan,Future Trunks Saga (S),08-02S
Sparking,Super Saiyan 3 Goku,Blue,Son Family.Saiyan.Kids.GT.Super Saiyan 3,GT.Son Family.Saiyan,Super Baby Saga (GT),37-03S
Sparking,Broly: Cheelai (Assist),Blue,Girls.Frieza Force.Saiyan,Frieza Force.Movies,Movies,22-09S
Sparking,Toppo,Blue,Universe 11.Rival Universe.Universe Rep,Rival Universe.BLU,Universe Survival Saga (S),29-07S
Sparking,Goku Black,Blue,Saiyan.Future.Powerful Opponent,Future.Powerful Opponent,Future Trunks Saga (S),50-03S
Sparking,Zahha,Blue,.,Game Originals.BLU,Game Originals,00-02
Sparking,Super Saiyan God SS Goku,Blue,Son Family.Saiyan.God Ki.Super Saiyan God SS,God Ki,Frieza Resurrected Saga (S),13-01S
Sparking,Super Saiyan 2 Goku,Blue,Son Family.Saiyan.Otherworld Warrior.Super Saiyan 2.Event Exclusive,Majin Buu Saga (Z).Event Exclusive.BLU,Majin Buu Saga (Z),-EVT-20S
Sparking,Gotenks Absorbed Buu: Super,Blue,Regeneration.Absorption.Powerful Opponent,Regeneration.Powerful Opponent,Majin Buu Saga (Z),26-03S
Sparking,Basil,Blue,Universe 9.Rival Universe.Universe Rep,Universe Survival Saga (S).BLU,Universe Survival Saga (S),28-03S
Sparking,Super Saiyan Gohan (Teen),Blue,Son Family.Hybrid Saiyan.Super Saiyan,Son Family.Hybrid Saiyan,Movies,12-05S
Sparking,Super Baby 2,Blue,Saiyan.Transforming Warrior.Regeneration.GT.Merging.Powerful Opponent,GT.Regeneration,Super Baby Saga (GT),19-08S
Sparking,God of Destruction Beerus.2,Blue,God of Destruction.Twins.God Ki.Universe Rep.Event Exclusive,Universe Rep.Event Exclusive.God Ki,Universe Survival Saga (S),-EVT-78S
Sparking,Ribrianne,Blue,Girls.Universe 2.Transforming Warrior.Rival Universe.Universe Rep,Girls,Universe Survival Saga (S),11-07S
Sparking,Super Saiyan Vegeta.2,Blue,Saiyan.God Ki.Vegeta Clan.Super Saiyan God,Vegeta Clan,Movies,20-06S
Sparking,Gohan (Adult),Blue,Son Family.Hybrid Saiyan.Universe Rep,Son Family.Hybrid Saiyan,Universe Survival Saga (S),26-02S
Sparking,Goku,Blue,Son Family.Saiyan, Saiyan.Event Exclusive,Frieza Saga (Z),-EVT-00S
Sparking,Super Saiyan God SS Goku.2,Blue,Son Family.Saiyan.God Ki.Super Saiyan God SS,Saiyan.God Ki,Future Trunks Saga (S),33-03S
Sparking,Android #13.2,Blue,Android.Powerful Opponent.Event Exclusive,Movies.Event Exclusive.Android,Movies,-EVT-69S
Sparking,Gogeta,Blue,Saiyan.Super Saiyan.Fusion.Fusion Warrior,Fusion Warrior,Movies,10-11S
Sparking,Android #21,Blue,Girls.Transforming Warrior.Android.Regeneration.Absorption.Powerful Opponent,Android.Regeneration.Girls,DRAGON BALL FighterZ,-EVT-13S
Sparking,1st Form Frieza,Blue,Frieza Force.Transforming Warrior.Lineage of Evil.Powerful Opponent, BLU.Frieza Force,Anime Original Saga,03-13S
Sparking,Final Form Cooler,Blue,Transforming Warrior.Lineage of Evil.Powerful Opponent,Lineage of Evil,Movies,08-10S
Sparking,Super Namekian Lord Slug,Blue,Regeneration.Namekian.Powerful Opponent,Regeneration,Movies,10-10S
Sparking,Vegeta,Blue,Vegeta Clan.Saiyan.Super Saiyan,Vegeta Clan,Movies,14-01S
Sparking,Super Saiyan Bardock,Blue,Saiyan.Super Saiyan.Team Bardock, Super Saiyan,Anime Original Saga,07-04S
Sparking,Pan,Blue,GT.Son Family.Girls.Hybrid Saiyan,Girls.Son Family,Black Star Dragon Ball Saga (GT),01-05S
Sparking,Super Saiyan 2 Trunks (Adult).2,Blue,Vegeta Clan.Hybrid Saiyan.Future.Super Saiyan 2.Event Exclusive,Future.Event Exclusive.Vegeta Clan,Future Trunks Saga (S),-EVT-63S
Sparking,Krillin,Blue,Super Warrior,BLU,Androids Saga (Z),03-03S
Sparking,King of the Demon Realm Dabura,Blue,.,BLU,Majin Buu Saga (Z),06-07S
Sparking,Android #18.2,Blue,Girls.Android.Twins,BLU,Cell Saga (Z),06-10S
Sparking,Super Saiyan Goku,Blue,Son Family.Saiyan.Super Saiyan,Saiyan,Movies,04-10S
Sparking,Goku.2,Blue,Son Family.Saiyan, Saiyan.Saiyan Saga (Z),Saiyan Saga (Z),22-01S
Sparking,Bulma (Youth),Blue,Girls.DB,Girls,Dragon Ball Saga,9-05S
Sparking,Fused with Kami Piccolo,Blue,Super Warrior.Regeneration.Merging.Namekian,Regeneration,Cell Saga (Z),05-05S
Sparking,Legendary Super Saiyan Broly,Blue,Saiyan.Super Saiyan.Powerful Opponent,Movies,Movies,01-35S
Sparking,Trunks (Youth),Blue,Vegeta Clan.Hybrid Saiyan.Super Saiyan.Future Legends Road.Event Exclusive, Future.Event Exclusive,Androids Saga (Z),-EVT-03S
Sparking,Goku.3,Blue,Son Family.Saiyan, BLU.Son Family,Saiyan Saga (Z),07-08S
LL,Ultra Instinct Goku,Red,Son Family.Saiyan.God Ki.Universe Rep,God Ki.Universe Survival Saga (S).Saiyan,Universe Survival Saga (S),47-01S
LL,Ultimate Gohan,Red,Son Family.Hybrid Saiyan,Movies.Hybrid Saiyan.Son Family,Movies,65-02S
LL,Android 17 & Android 18,Red,Girls.Android.Future.Twins.Powerful Opponent, Android.Powerful Opponent.Future,Androids Saga (Z),46-01S
LL,Final Form Cooler,Red,Transforming Warrior.Lineage of Evil.Powerful Opponent,Lineage of Evil.Powerful Opponent.Movies,Movies,51-01S
LL,Vegeta,Red,Vegeta Clan.Frieza Force.Saiyan.Powerful Opponent,Saiyan.Saiyan Saga (Z).Powerful Opponent,Saiyan Saga (Z),39-01S
LL,Half-Corrupted Fusion Zamasu,Red,Future.Regeneration.Potara.Fusion Warrior.God Ki.Powerful Opponent,God Ki.Powerful Opponent.Future,Future Trunks Saga (S),35-08S
LL,Super Saiyan 2 Gohan (Youth),Red,Son Family.Hybrid Saiyan.Super Saiyan 2,Hybrid Saiyan.Son Family,Cell Saga (Z),10-06S
LL,Gamma 1 & Gamma 2,Yellow,Android,Movies.Android,Movies,60-03S
LL,Trunks & Vegeta,Yellow,Vegeta Clan.Saiyan.Hybrid Saiyan.Future.Super Saiyan 2.God Ki.Super Saiyan God SS,Future.Vegeta Clan.Hybrid Saiyan,Future Trunks Saga (S),54-03S
LL,Super Saiyan God SS Gogeta,Yellow,Saiyan.Fusion.Fusion Warrior.God Ki.Super Saiyan God SS,Movies.God Ki.Fusion Warrior,Movies,30-01S
LL,Bardock,Yellow,Saiyan.Team Bardock,Saiyan.Team Bardock,Anime Original Sagas,43-01S
LL,Super Saiyan God SS Evolved Vegeta,Yellow,Vegeta Clan.Saiyan.God Ki.Super Saiyan God SS.Universe Rep,Universe Survival Saga (S).God Ki.Vegeta Clan,Universe Survival Saga (S),38-01S
LL,Super Saiyan Gohan,Yellow,Son Family.Hybrid Saiyan.Super Saiyan.Future,Future.Hybrid Saiyan,Androids Saga (Z),31-01S
LL,Final Form Frieza: Full Power,Yellow,Frieza Force.Transforming Warrior.Lineage of Evil.Powerful Opponent,Powerful Opponent.Frieza Force.Frieza Saga (Z),Frieza Saga (Z),37-02S
LL,Super Saiyan 4 Goku,Yellow,Son Family.Saiyan.GT.Super Saiyan 4,GT.Son Family,Shadow Dragon Saga (GT),34-01S
LL,Piccolo,Yellow,Regeneration.Namekian,Regeneration.Saiyan Saga (Z),Saiyan Saga (Z),22-03S
LL,Goku & Final Form Frieza,Purple,Son Family.Frieza Force.Saiyan.Otherworld Warrior.Transforming Warrior.Lineage of Evil.Universe Rep,Universe Rep.Saiyan.Lineage of Evil,Universe Survival Saga (S),59-01S
LL,Perfect Form Cell,Purple,Android.Future.Regeneration.Absorption.Powerful Opponent,Future.Regeneration.Android,Cell Saga (Z),61-03S
LL,Goku (Youth),Purple,Son Family.Saiyan.Kids.DB,DB.Movies.Son Family,Movies,63-01S
LL,Jiren: Full Power,Purple,Universe 11.Powerful Opponent.Rival Universe.Universe Rep,Universe Survival Saga (S).Rival Universe.Powerful Opponent,Universe Survival Saga (S),44-01S
LL,Perfect Cell,Purple,Android.Future.Regeneration.Absorption.Powerful Opponent, Regeneration.Android.Powerful Opponent,Cell Saga (Z),40-02S
LL,Super Saiyan God SS Goku & Vegeta,Purple,Son Family.Vegeta Clan.Saiyan.God Ki.Super Saiyan God SS,Son Family.Vegeta Clan.God Ki.Movies,Movies,41-01S
LL,Ultra Instinct -Sign- Goku,Purple,Son Family.Saiyan.God Ki.Universe Rep,Universe Survival Saga (S).God Ki.Saiyan,Universe Survival Saga (S),29-04S
LL,Super Saiyan Rose Goku Black,Purple,Saiyan.Future.God Ki.Super Saiyan Rose.Powerful Opponent,Future.Powerful Opponent.God Ki,Future Trunks Saga (S),33-02S
LL,Super Saiyan Gohan (Youth),Purple,Son Family.Hybrid Saiyan.Super Saiyan,Movies.Hybrid Saiyan.Son Family,Movies,36-01S
LL,Super Saiyan Goten (Kid),Purple,Son Family.Hybrid Saiyan.Super Saiyan.Kids,Son Family.Hybrid Saiyan,Movies,12-06S
LL,1st Form Frieza,Purple,Frieza Force.Transforming Warrior.Lineage of Evil.Powerful Opponent,Lineage of Evil.Frieza Force,Anime Original Sagas,22-05S
LL,Super Vegito,Purple,Saiyan.Super Saiyan.Potara.Fusion Warrior,Fusion Warrior,Majin Buu Saga (Z),13-03S
LL,Evoken Vegeta & Goku,Green,Son Family.Vegeta Clan.Saiyan.God Ki.Super Saiyan God SS.Universe Rep,Universe Rep.Vegeta Clan.Son Family.God Ki,Universe Survival Saga (S),65-01S
LL,Super Saiyan 4 Goku & Vegeta,Green,Son Family.Vegeta Clan.Saiyan.GT.Super Saiyan 4,GT.Saiyan,Shadow Dragon Saga (GT),53-01S
LL,Super Saiyan Trunks (Teen),Green,Vegeta Clan.Hybrid Saiyan.Super Saiyan.Future,Hybrid Saiyan.Future.Vegeta Clan,Androids Saga (Z),50-01S
LL,Super Saiyan 3 Goku.2,Green,Son Family.Saiyan.Super Saiyan 3,Saiyan,Majin Buu Saga (Z),17-05S
LL,Super Saiyan 4 Gogeta,Green,Saiyan.GT.Fusion.Fusion Warrior.Super Saiyan 4, GT.Fusion Warrior.Saiyan,Shadow Dragon Saga (GT),35-01S
LL,Pikkon,Green,Saiyan.Super Saiyan.Otherworld Warrior.Fusion.Fusion Warrior,Movies.Saiyan.Fusion Warrior,Movies,64-02S
LL,Super Saiyan God SS Goku,Green,Son Family.Saiyan.God Ki.Super Saiyan God SS.Universe Rep,"Universe Rep.God Ki.Saiyan""",Universe Survival Saga (S),56-01S
LL,Power Awakening Piccolo,Green,Super Warrior.Transforming Warrior.Regeneration.Merging.Namekian,Movies.Regeneration.Super Warrior,Movies,60-02S
LL,Super Saiyan 3 Goku,Green,Son Family.Saiyan.Super Saiyan 3,Son Family.Movies.Saiyan,Movies,48-01S
LL,Super Saiyan God SS Vegeta,Green,Vegeta Clan.Saiyan.Future.God Ki.Super Saiyan God SS,God Ki.Vegeta Clan,Future Trunks Saga (S),18-05S
LL,God of Destruction Beerus,Green,God of Destruction.Twins.God Ki.Powerful Opponent,God Ki,God of Destruction Beerus Saga (S),L07-11S
LL,Android #17,Blue,Android.Twins.Universe Rep,Universe Rep.Android.Universe Survival Saga (S),Universe Survival Saga (S),55-01S
LL,Beast Gohan,Blue,Son Family.Hybrid Saiyan,Movies.Hybrid Saiyan.Son Family,Movies,39-01S
LL,Super Saiyan Goku,Blue,Son Family.Saiyan.Super Saiyan,Saiyan.Frieza Saga (Z).Son Family,Frieza Saga (Z),62-04S
LL,Goku,Blue,GT.Kids.Saiyan.Son Family,GT.Son Family.Saiyan,Shadow Dragon Saga (GT),67-01S
LL,Super Saiyan 3 & Super Saiyan 2 Goku & Vegeta,Blue,Son Family.Vegeta Clan.Saiyan.Otherworld Warrior.Super Saiyan 2.Super Saiyan 3,Saiyan.Son Family.Vegeta Clan,Majin Buu Saga (Z),58-01S
LL,Goku & Bardock,Blue,Son Family.Saiyan.Team Bardock,Saiyan.Game Originals.Son Family ,Game Originals,66-01S
LL,Super Saiyan Trunks (Adult),Blue,Vegeta Clan.Hybrid Saiyan.Super Saiyan.Future,Vegeta Clan.Future.Hybrid Saiyan,Future Trunks Saga (S),41-02S
LL,Super Saiyan Broly: Full Power,Blue,Saiyan.Super Saiyan.Powerful Opponent,Powerful Opponent.Movies,Movies,30-03S
LL,Buu: Kid,Blue,Regeneration.Absorption.Powerful Opponent,Regeneration.Powerful Opponent,Majin Buu Saga (Z),32-02S
LL,Super Saiyan God SS Vegito,Blue,Saiyan.Future.Potara.Fusion Warrior.God Ki.Super Saiyan God SS,Fusion Warrior.God Ki.Future,Future Trunks Saga (S),24-01S
LL,Vegeta,Blue,Vegeta Clan.Saiyan,Saiyan.Vegeta Clan,Majin Buu Saga (Z),26-06S
LL,Goku.2,Blue,Son Family.Saiyan,Saiyan.Super Saiyan,Frieza Saga (Z),15-05S
Ultra,Super Saiyan God SS Vegito,Red,Saiyan.Future.Potara.Fusion Warrior.God Ki.Super Saiyan God SS,Fusion Warrior.Future,Future Trunks Saga (S),61-01U
Ultra,Hit,Red,Universe 6.Powerful Opponent.Rival Universe.Universe Rep,,God of Destruction Champa Saga (S),55-03U
Ultra,Super Saiyan Goku,Red,Son Family.Saiyan.Super Saiyan.Event Exclusive,Saiyan.Son Family,Frieza Saga (Z),-EVT-17U
Ultra,Omega Shenron,Red,GT.Regeneration.Absorption.Fusion Warrior.Shadow Dragon.Powerful Opponent.Event Exclusive, GT.Powerful Opponent,Shadow Dragon Saga (GT),-EVT-38U
Ultra,Super Vegito,Yellow,Saiyan.Super Saiyan.Potara.Fusion Warrior,Fusion Warrior.Saiyan,Majin Buu Saga (Z),49-01U
Ultra,Ultra Instinct -Sign- Goku,Yellow,Son Family.Saiyan.God Ki.Universe Rep,Universe Rep.Saiyan,Universe Survival Saga (S),66-04U
Ultra,Buu: Kid,Yellow,Regeneration.Absorption.Powerful Opponent,Regeneration.Powerful Opponent,Majin Buu Saga (Z),58-03U
Ultra,Super Saiyan God SS Kaioken Goku,Yellow,Son Family.Saiyan.God Ki.Super.Saiyan God SS.Universe Rep,Universe Survival Saga (S).God Ki,Universe Survival Saga (S),45-01U
Ultra,Legendary Super Saiyan Broly,Purple,Saiyan.Super Saiyan.Powerful Opponent,Movies.Powerful Opponent ,Movies,51-03U
Ultra,Super Saiyan God SS Gogeta,Purple,Saiyan.Fusion.Fusion Warrior.God Ki.Super Saiyan God SS,Fusion Warrior.Saiyan,Movies,54-05U
Ultra,Vegeta,Purple,Saiyan.Vegeta Clan.Event Exclusive,Frieza Saga (Z).Saiyan,Frieza Saga (Z),-EVT-24U
Ultra,Super Saiyan Rose Goku Black,Green,Saiyan.Future.God Ki.Super Saiyan Rose. Powerful Oppenent,Future.Powerful Opponent,Future Trunks Saga (S),57-01U
Ultra,Super Janemba,Blue,Transforming.Regeneration.Powerful Opponent,Regeneration.Movies,Movies,64-01U
Ultra,Super Gogeta,Blue,Saiyan.Super Saiyan.Otherworld Warrior.Fusion Warrior.Fusion,Fusion Warrior.Saiyan,Movies,42-01U
LL,Super #17,Red,GT.Android.Merging.Fusion Warrior.Powerful Opponent,GT.Android.Powerful Opponent,Super #17 Saga (GT),67-05S
Sparking,Bulla: Vegeta (Assist),Purple,GT.Girls.Hybrid Saiyan.Vegeta Clan.Saiyan,GT.Vegeta Clan.Hybrid Saiyan,Super Baby Saga (GT),67-04S
Sparking,Android #16.2,Green,Android,Android.Cell Saga (Z),Cell Saga (Z),68-02S
LL,Super Vegeta,Red,Saiyan.Super Saiyan.Vegeta Clan,Cell Saga (Z).Vegeta Clan.Saiyan,Cell Saga (Z),68-01S
Sparking,1st Form Cell,Yellow,Android.Powerful Opponent.Regeneration.Absorption.Event Exclusive.Future,Powerful Opponent.Event Exclusive.Cell Saga (Z),Cell Saga (Z),-EVT-79S
Ultra,Super Saiyan 2 Gohan (Youth),Green,Hybrid Saiyan.Son Family.Super Saiyan 2,Hybrid Saiyan.Son Family,Cell Saga (Z),68-03U
Sparking,Broly: Fury,Blue,Event Exclusive.Saiyan.Frieza Force.Powerful Opponent,Powerful Opponent.Event Exclusive,Movies,-EVT-80S
